<?xml version="1.0" encoding="UTF-8"?>
<addon
  id="plugin.video.SportsDevil"
  version="2.0.4.6"
  name="[COLOR blue]SportsDevil.ByPld[/COLOR]"
  provider-name="[COLOR lime]MaxMustermann, Al101, Hubbab3, Sattekop,Grupo Pld[/COLOR]">
  <requires>
   <import addon="xbmc.python" version="2.14.0"/>
   <import addon="script.module.requests" />
   <import addon="script.module.livestreamer" />
   <import addon="script.module.pydevd" optional="true"/>
  </requires>
  <extension 
    point="xbmc.python.pluginsource"
    library="default.py">
   <provides>video</provides>
  </extension>
  <extension point="xbmc.addon.metadata">
    <summary>[COLOR lime]EL GRUPO Y COLABORADORES DE[/COLOR] [COLOR blue]PLD[/COLOR]</summary>
    <description>[COLOR lime]ESTE PLUGIN A SIDO ACTUALIZADO POR EL GRUPO Y COLABORADORES DE[/COLOR] [COLOR blue]PLD[/COLOR]</description>
	<description>[COLOR lime]FECHA ACTUALIZACION 18-06-2016[/COLOR]</description>
    <platform>all</platform>
  </extension>
</addon>
