<?xml version="1.0" encoding="UTF-8" standalone="yes"?>
<addon id="plugin.video.live.JAVI-TEAM"
       name="[COLOR red]JAVI-TEAM[/COLOR]"
       version="1.1.7"
       provider-name="[COLOR red]JAVI[/COLOR]">
  <requires>
    <import addon="xbmc.python" version="2.1.0"/>
    <import addon="script.module.beautifulsoup" version="3.2.1"/>
    <import addon="script.module.simple.downloader" version="0.9.4"/>
    <import addon="script.module.beautifulsoup4" />
    <import addon="script.module.requests" />
    <import addon="script.module.httplib2" />
    <import addon="script.module.youtube.dl" optional="true"/>
    <import addon="plugin.video.youtube" optional="true" />
    <import addon="script.module.urlresolver" optional="true"/>
    <import addon="script.module.simplejson" />    
     <import addon="script.module.livestreamer" optional="true"/>
     <import addon="script.module.pyamf" optional="true"/>
	 <import addon="plugin.player.javiteam" version="1.0.2"/>
	 <import addon="plugin.video.SportsDevil" version="2.0.5.0"/>
	 <import addon="plugin.video.pelisalacarta" version="4.0.9"/>
	 <import addon="plugin.stream.vaughnlive.tv" version="0.1.8"/>
	 <import addon="script.ftvguide" version="3.0.7"/>
	 <import addon="plugin.video.tvalacarta" version="4.0.1"/>
  </requires>
  <extension point="xbmc.python.pluginsource" library="default.py">
    <provides>video</provides>
  </extension>
  <extension point="xbmc.addon.metadata">
    <summary>[COLOR red]JAVI[/COLOR]</summary>
    <description>
         [COLOR lime] GRACIAS AL GRUPO PLD POR SU GRAN APOYO EN MI REPO Y MI ADDONS EN ESPECIAL AL CHISPAARTISTA Y JOSE35[/COLOR]
        
    </description>
    <platform>all</platform>
  </extension>
</addon>
