<?xml version="1.0" encoding="UTF-8" standalone="yes"?>
<addon id="GUIDE.JAVI.TEAM" name="[COLOR lime]TV GUIDE JAVI TEAM[/COLOR]" version="1.0.1" provider-name="[COLOR lime]JAVI TEAM[/COLOR]">
    <requires>
        <import addon="xbmc.python" version="2.1.0"/>
        <import addon="script.module.requests" version="2.3.0"/>
        <import addon="script.module.simplejson" version="2.0.10"/>
        <import addon="script.module.elementtree" version="1.2.7"/>
        <import addon="script.module.buggalo" version="1.1.2"/>
        <import addon="script.tvguidedixie.tools" version="1.0.2"/>
        <import addon="plugin.video.ontapp-player" version="0.0.2"/>
    </requires>
    <extension point="xbmc.python.script" library="addon.py"><provides>video</provides></extension>
    <extension point="xbmc.python.script" library="addon.py"/>
    <extension point="xbmc.service" library="service.py" start="login" />
    <extension point="xbmc.addon.metadata">
        <summary lang="es">TV Guide con XMLTV y soporte para streaming</summary>
        <description lang="es">[COLOR blue]TV GUIDE MODIFICADA PARA EL USO PERSONAL DE [COLOR lime]JAVI [COLOR orange]/ [COLOR lime]TEAM[/COLOR]</description>
       
        <platform>all</platform>
        <language></language>
        <license>GPLv2</license>
    </extension>
</addon>
